# rcorx,rcory,rcorz,lcorx,lcory,lcorz
-1.348730010986328125e+02,2.207340087890625000e+03,8.428259887695312500e+02,2.990819931030273438e+01,2.195689941406250000e+03,8.306589965820312500e+02
-1.343470001220703125e+02,2.195189941406250000e+03,8.415239868164062500e+02,3.051650047302246094e+01,2.182709960937500000e+03,8.314699707031250000e+02
-1.338459930419921875e+02,2.183110107421875000e+03,8.406010131835937500e+02,3.106130027770996094e+01,2.169870117187500000e+03,8.324219970703125000e+02
-1.333789978027343750e+02,2.171110107421875000e+03,8.400670166015625000e+02,3.154229736328125000e+01,2.157149902343750000e+03,8.335230102539062500e+02
-1.329499969482421875e+02,2.159159912109375000e+03,8.399180297851562500e+02,3.196569824218750000e+01,2.144560058593750000e+03,8.347730102539062500e+02
-1.325529937744140625e+02,2.147270019531250000e+03,8.401359863281250000e+02,3.234370040893554688e+01,2.132100097656250000e+03,8.361710205078125000e+02
-1.321840057373046875e+02,2.135439941406250000e+03,8.406929931640625000e+02,3.268539810180664062e+01,2.119770019531250000e+03,8.377089843750000000e+02
-1.318350067138671875e+02,2.123689941406250000e+03,8.415479736328125000e+02,3.300389862060546875e+01,2.107560058593750000e+03,8.393740234375000000e+02
-1.314980010986328125e+02,2.112030029296875000e+03,8.426560058593750000e+02,3.330860137939453125e+01,2.095489990234375000e+03,8.411519775390625000e+02
-1.311609954833984375e+02,2.100469970703125000e+03,8.439569702148437500e+02,3.361280059814453125e+01,2.083580078125000000e+03,8.430200195312500000e+02
-1.308170013427734375e+02,2.089040039062500000e+03,8.453939819335937500e+02,3.392580032348632812e+01,2.071830078125000000e+03,8.449559936523437500e+02
-1.304620056152343750e+02,2.077750000000000000e+03,8.469099731445312500e+02,3.425070190429687500e+01,2.060250000000000000e+03,8.469370117187500000e+02
-1.300959930419921875e+02,2.066600097656250000e+03,8.484600219726562500e+02,3.458940124511718750e+01,2.048850097656250000e+03,8.489400024414062500e+02
-1.297279968261718750e+02,2.055580078125000000e+03,8.500089721679687500e+02,3.493510055541992188e+01,2.037640136718750000e+03,8.509400024414062500e+02
-1.293690032958984375e+02,2.044689941406250000e+03,8.515440063476562500e+02,3.527529907226562500e+01,2.026599853515625000e+03,8.529190063476562500e+02
-1.290359954833984375e+02,2.033880004882812500e+03,8.530599975585937500e+02,3.559700012207031250e+01,2.015729858398437500e+03,8.548599853515625000e+02
-1.287469940185546875e+02,2.023139892578125000e+03,8.545709838867187500e+02,3.588190078735351562e+01,2.005000122070312500e+03,8.567509765625000000e+02
-1.285209960937500000e+02,2.012439941406250000e+03,8.560900268554687500e+02,3.611449813842773438e+01,1.994400024414062500e+03,8.585809936523437500e+02
-1.283719940185546875e+02,2.001739990234375000e+03,8.576320190429687500e+02,3.628089904785156250e+01,1.983890014648437500e+03,8.603430175781250000e+02
-1.283090057373046875e+02,1.991030029296875000e+03,8.592089843750000000e+02,3.637200164794921875e+01,1.973459960937500000e+03,8.620310058593750000e+02
-1.283419952392578125e+02,1.980290039062500000e+03,8.608259887695312500e+02,3.637789916992187500e+01,1.963079956054687500e+03,8.636409912109375000e+02
-1.284669952392578125e+02,1.969510009765625000e+03,8.624760131835937500e+02,3.629970169067382812e+01,1.952739990234375000e+03,8.651680297851562500e+02
-1.286869964599609375e+02,1.958689941406250000e+03,8.641480102539062500e+02,3.613320159912109375e+01,1.942410034179687500e+03,8.666099853515625000e+02
-1.289969940185546875e+02,1.947829956054687500e+03,8.658170166015625000e+02,3.588140106201171875e+01,1.932109985351562500e+03,8.679609985351562500e+02
-1.293899993896484375e+02,1.936949951171875000e+03,8.674550170898437500e+02,3.554750061035156250e+01,1.921810058593750000e+03,8.692109985351562500e+02
-1.298600006103515625e+02,1.926060058593750000e+03,8.690300292968750000e+02,3.513570022583007812e+01,1.911520019531250000e+03,8.703530273437500000e+02
-1.303999938964843750e+02,1.915170043945312500e+03,8.705020141601562500e+02,3.465100097656250000e+01,1.901250000000000000e+03,8.713750000000000000e+02
-1.310050048828125000e+02,1.904310058593750000e+03,8.718359985351562500e+02,3.409759902954101562e+01,1.890979980468750000e+03,8.722620239257812500e+02
-1.316690063476562500e+02,1.893489990234375000e+03,8.729940185546875000e+02,3.347949981689453125e+01,1.880729980468750000e+03,8.730020141601562500e+02
-1.323820037841796875e+02,1.882709960937500000e+03,8.739439697265625000e+02,3.280670166015625000e+01,1.870500000000000000e+03,8.735830078125000000e+02
-1.331419982910156250e+02,1.872000000000000000e+03,8.746560058593750000e+02,3.208169937133789062e+01,1.860280029296875000e+03,8.739910278320312500e+02
-1.339420013427734375e+02,1.861349975585937500e+03,8.751069946289062500e+02,3.131189918518066406e+01,1.850079956054687500e+03,8.742180175781250000e+02
-1.347749938964843750e+02,1.850780029296875000e+03,8.752800292968750000e+02,3.050440025329589844e+01,1.839900024414062500e+03,8.742559814453125000e+02
-1.356380004882812500e+02,1.840280029296875000e+03,8.751669921875000000e+02,2.966230010986328125e+01,1.829729980468750000e+03,8.740989990234375000e+02
-1.365269927978515625e+02,1.829849975585937500e+03,8.747639770507812500e+02,2.879070091247558594e+01,1.819560058593750000e+03,8.737470092773437500e+02
-1.374409942626953125e+02,1.819469970703125000e+03,8.740770263671875000e+02,2.788949966430664062e+01,1.809390014648437500e+03,8.732000122070312500e+02
-1.383769989013671875e+02,1.809140014648437500e+03,8.731110229492187500e+02,2.696380043029785156e+01,1.799209960937500000e+03,8.724609985351562500e+02
-1.393359985351562500e+02,1.798839965820312500e+03,8.718690185546875000e+02,2.601119995117187500e+01,1.789000000000000000e+03,8.715349731445312500e+02
-1.403130035400390625e+02,1.788530029296875000e+03,8.703549804687500000e+02,2.503739929199218750e+01,1.778739990234375000e+03,8.704249877929687500e+02
-1.413009948730468750e+02,1.778199951171875000e+03,8.685629882812500000e+02,2.405030059814453125e+01,1.768430053710937500e+03,8.691380004882812500e+02
-1.422929992675781250e+02,1.767819946289062500e+03,8.664860229492187500e+02,2.305389976501464844e+01,1.758050048828125000e+03,8.676790161132812500e+02
-1.432790069580078125e+02,1.757369995117187500e+03,8.641240234375000000e+02,2.206069946289062500e+01,1.747579956054687500e+03,8.660579833984375000e+02
-1.442519989013671875e+02,1.746819946289062500e+03,8.614890136718750000e+02,2.107390022277832031e+01,1.737010009765625000e+03,8.642819824218750000e+02
-1.452160034179687500e+02,1.736180053710937500e+03,8.586199951171875000e+02,2.008970069885253906e+01,1.726349975585937500e+03,8.623679809570312500e+02
-1.461889953613281250e+02,1.725420043945312500e+03,8.555989990234375000e+02,1.909070014953613281e+01,1.715579956054687500e+03,8.603319702148437500e+02
-1.472030029296875000e+02,1.714550048828125000e+03,8.525269775390625000e+02,1.804700088500976562e+01,1.704699951171875000e+03,8.581979980468750000e+02
-1.482960052490234375e+02,1.703579956054687500e+03,8.495260009765625000e+02,1.692510032653808594e+01,1.693729980468750000e+03,8.559910278320312500e+02
-1.495140075683593750e+02,1.692489990234375000e+03,8.467199707031250000e+02,1.568420028686523438e+01,1.682650024414062500e+03,8.537399902343750000e+02
-1.508930053710937500e+02,1.681300048828125000e+03,8.442039794921875000e+02,1.429609966278076172e+01,1.671479980468750000e+03,8.514739990234375000e+02
-1.524499969482421875e+02,1.670010009765625000e+03,8.420460205078125000e+02,1.274540042877197266e+01,1.660229980468750000e+03,8.492230224609375000e+02
-1.541889953613281250e+02,1.658619995117187500e+03,8.402719726562500000e+02,1.102890014648437500e+01,1.648910034179687500e+03,8.470189819335937500e+02
-1.560950012207031250e+02,1.647119995117187500e+03,8.388800048828125000e+02,9.156479835510253906e+00,1.637510009765625000e+03,8.448950195312500000e+02
-1.581430053710937500e+02,1.635530029296875000e+03,8.378430175781250000e+02,7.149199962615966797e+00,1.626060058593750000e+03,8.428850097656250000e+02
-1.603020019531250000e+02,1.623839965820312500e+03,8.371320190429687500e+02,5.031149864196777344e+00,1.614550048828125000e+03,8.410289916992187500e+02
-1.625469970703125000e+02,1.612069946289062500e+03,8.367199707031250000e+02,2.823879957199096680e+00,1.603000000000000000e+03,8.393649902343750000e+02
-1.648580017089843750e+02,1.600209960937500000e+03,8.365949707031250000e+02,5.423970222473144531e-01,1.591410034179687500e+03,8.379320068359375000e+02
-1.672220001220703125e+02,1.588300048828125000e+03,8.367509765625000000e+02,-1.801779985427856445e+00,1.579780029296875000e+03,8.367639770507812500e+02
-1.696309967041015625e+02,1.576359985351562500e+03,8.371840209960937500e+02,-4.200759887695312500e+00,1.568130004882812500e+03,8.358850097656250000e+02
-1.720809936523437500e+02,1.564430053710937500e+03,8.378909912109375000e+02,-6.652029991149902344e+00,1.556479980468750000e+03,8.353079833984375000e+02
-1.745670013427734375e+02,1.552530029296875000e+03,8.388619995117187500e+02,-9.149149894714355469e+00,1.544859985351562500e+03,8.350310058593750000e+02
-1.770839996337890625e+02,1.540699951171875000e+03,8.400739746093750000e+02,-1.168750000000000000e+01,1.533270019531250000e+03,8.350399780273437500e+02
-1.796239929199218750e+02,1.528959960937500000e+03,8.414970092773437500e+02,-1.425669956207275391e+01,1.521750000000000000e+03,8.353090209960937500e+02
-1.821790008544921875e+02,1.517349975585937500e+03,8.430969848632812500e+02,-1.684889984130859375e+01,1.510319946289062500e+03,8.358010253906250000e+02
-1.847339935302734375e+02,1.505869995117187500e+03,8.448350219726562500e+02,-1.944770050048828125e+01,1.499000000000000000e+03,8.364829711914062500e+02
-1.872749938964843750e+02,1.494560058593750000e+03,8.466719970703125000e+02,-2.203779983520507812e+01,1.487790039062500000e+03,8.373200073242187500e+02
-1.897859954833984375e+02,1.483400024414062500e+03,8.485739746093750000e+02,-2.460120010375976562e+01,1.476719970703125000e+03,8.382860107421875000e+02
-1.922500000000000000e+02,1.472410034179687500e+03,8.505139770507812500e+02,-2.711899948120117188e+01,1.465770019531250000e+03,8.393699951171875000e+02
-1.946510009765625000e+02,1.461569946289062500e+03,8.524650268554687500e+02,-2.957209968566894531e+01,1.454939941406250000e+03,8.405659790039062500e+02
-1.969739990234375000e+02,1.450880004882812500e+03,8.544119873046875000e+02,-3.194420051574707031e+01,1.444199951171875000e+03,8.418779907226562500e+02
-1.992070007324218750e+02,1.440319946289062500e+03,8.563389892578125000e+02,-3.421900177001953125e+01,1.433530029296875000e+03,8.433140258789062500e+02
-2.013359985351562500e+02,1.429859985351562500e+03,8.582379760742187500e+02,-3.638079833984375000e+01,1.422930053710937500e+03,8.448829956054687500e+02
-2.033589935302734375e+02,1.419500000000000000e+03,8.601010131835937500e+02,-3.842520141601562500e+01,1.412369995117187500e+03,8.465889892578125000e+02
-2.052700042724609375e+02,1.409209960937500000e+03,8.619240112304687500e+02,-4.034569931030273438e+01,1.401829956054687500e+03,8.484270019531250000e+02
-2.070679931640625000e+02,1.398969970703125000e+03,8.636950073242187500e+02,-4.214199829101562500e+01,1.391310058593750000e+03,8.503800048828125000e+02
-2.087570037841796875e+02,1.388780029296875000e+03,8.654080200195312500e+02,-4.381999969482421875e+01,1.380800048828125000e+03,8.524240112304687500e+02
-2.103419952392578125e+02,1.378619995117187500e+03,8.670520019531250000e+02,-4.538719940185546875e+01,1.370290039062500000e+03,8.545230102539062500e+02
-2.118280029296875000e+02,1.368479980468750000e+03,8.686140136718750000e+02,-4.685020065307617188e+01,1.359790039062500000e+03,8.566359863281250000e+02
-2.132220001220703125e+02,1.358359985351562500e+03,8.700770263671875000e+02,-4.822150039672851562e+01,1.349290039062500000e+03,8.587180175781250000e+02
-2.145319976806640625e+02,1.348250000000000000e+03,8.714279785156250000e+02,-4.950770187377929688e+01,1.338810058593750000e+03,8.607269897460937500e+02
-2.157630004882812500e+02,1.338140014648437500e+03,8.726480102539062500e+02,-5.071739959716796875e+01,1.328339965820312500e+03,8.626179809570312500e+02
-2.169230041503906250e+02,1.328040039062500000e+03,8.737239990234375000e+02,-5.186029815673828125e+01,1.317890014648437500e+03,8.643499755859375000e+02
-2.180189971923828125e+02,1.317939941406250000e+03,8.746380004882812500e+02,-5.294210052490234375e+01,1.307469970703125000e+03,8.658870239257812500e+02
-2.190579986572265625e+02,1.307839965820312500e+03,8.753790283203125000e+02,-5.397019958496093750e+01,1.297079956054687500e+03,8.671959838867187500e+02
-2.200469970703125000e+02,1.297739990234375000e+03,8.759370117187500000e+02,-5.495259857177734375e+01,1.286719970703125000e+03,8.682490234375000000e+02
-2.209920043945312500e+02,1.287630004882812500e+03,8.763040161132812500e+02,-5.589530181884765625e+01,1.276380004882812500e+03,8.690280151367187500e+02
-2.219010009765625000e+02,1.277510009765625000e+03,8.764769897460937500e+02,-5.680440139770507812e+01,1.266060058593750000e+03,8.695120239257812500e+02
-2.227799987792968750e+02,1.267369995117187500e+03,8.764550170898437500e+02,-5.768550109863281250e+01,1.255760009765625000e+03,8.696939697265625000e+02
-2.236349945068359375e+02,1.257199951171875000e+03,8.762429809570312500e+02,-5.854610061645507812e+01,1.245449951171875000e+03,8.695679931640625000e+02
-2.244669952392578125e+02,1.246979980468750000e+03,8.758449707031250000e+02,-5.938679885864257812e+01,1.235140014648437500e+03,8.691380004882812500e+02
-2.252819976806640625e+02,1.236709960937500000e+03,8.752709960937500000e+02,-6.021310043334960938e+01,1.224800048828125000e+03,8.684119873046875000e+02
-2.260800018310546875e+02,1.226390014648437500e+03,8.745280151367187500e+02,-6.102579879760742188e+01,1.214430053710937500e+03,8.673989868164062500e+02
-2.268619995117187500e+02,1.215989990234375000e+03,8.736250000000000000e+02,-6.182659912109375000e+01,1.204000000000000000e+03,8.661110229492187500e+02
-2.276260070800781250e+02,1.205510009765625000e+03,8.725709838867187500e+02,-6.261520004272460938e+01,1.193510009765625000e+03,8.645659790039062500e+02
-2.283750000000000000e+02,1.194930053710937500e+03,8.713720092773437500e+02,-6.339520263671875000e+01,1.182920043945312500e+03,8.627709960937500000e+02
-2.291130065917968750e+02,1.184260009765625000e+03,8.700349731445312500e+02,-6.417230224609375000e+01,1.172229980468750000e+03,8.607299804687500000e+02
-2.298459930419921875e+02,1.173479980468750000e+03,8.685679931640625000e+02,-6.495590209960937500e+01,1.161420043945312500e+03,8.584470214843750000e+02
-2.305800018310546875e+02,1.162599975585937500e+03,8.669769897460937500e+02,-6.575479888916015625e+01,1.150469970703125000e+03,8.559260253906250000e+02
-2.313209991455078125e+02,1.151599975585937500e+03,8.652750244140625000e+02,-6.657559967041015625e+01,1.139369995117187500e+03,8.531900024414062500e+02
-2.320619964599609375e+02,1.140500000000000000e+03,8.634769897460937500e+02,-6.741130065917968750e+01,1.128130004882812500e+03,8.502910156250000000e+02
-2.327850036621093750e+02,1.129290039062500000e+03,8.616060180664062500e+02,-6.824009704589843750e+01,1.116750000000000000e+03,8.473109741210937500e+02
-2.334629974365234375e+02,1.117969970703125000e+03,8.596840209960937500e+02,-6.902570343017578125e+01,1.105239990234375000e+03,8.443579711914062500e+02
-2.340650024414062500e+02,1.106550048828125000e+03,8.577410278320312500e+02,-6.972869873046875000e+01,1.093579956054687500e+03,8.415469970703125000e+02
-2.345599975585937500e+02,1.095010009765625000e+03,8.558029785156250000e+02,-7.030780029296875000e+01,1.081790039062500000e+03,8.389790039062500000e+02
-2.349290008544921875e+02,1.083359985351562500e+03,8.538959960937500000e+02,-7.073459625244140625e+01,1.069859985351562500e+03,8.367290039062500000e+02
-2.351600036621093750e+02,1.071599975585937500e+03,8.520440063476562500e+02,-7.099659729003906250e+01,1.057790039062500000e+03,8.348309936523437500e+02
-2.352550048828125000e+02,1.059709960937500000e+03,8.502659912109375000e+02,-7.109510040283203125e+01,1.045569946289062500e+03,8.332899780273437500e+02
-2.352239990234375000e+02,1.047709960937500000e+03,8.485819702148437500e+02,-7.104740142822265625e+01,1.033209960937500000e+03,8.320809936523437500e+02
-2.350800018310546875e+02,1.035609985351562500e+03,8.470109863281250000e+02,-7.087319946289062500e+01,1.020720031738281250e+03,8.311719970703125000e+02
-2.348350067138671875e+02,1.023409973144531250e+03,8.455750122070312500e+02,-7.059049987792968750e+01,1.008109924316406250e+03,8.305349731445312500e+02
-2.344969940185546875e+02,1.011130004882812500e+03,8.442979736328125000e+02,-7.021430206298828125e+01,9.953920288085937500e+02,8.301530151367187500e+02
-2.340720062255859375e+02,9.987940063476562500e+02,8.432039794921875000e+02,-6.975279998779296875e+01,9.826060180664062500e+02,8.300239868164062500e+02
-2.335670013427734375e+02,9.864160156250000000e+02,8.423179931640625000e+02,-6.921420288085937500e+01,9.697819824218750000e+02,8.301489868164062500e+02
-2.329869995117187500e+02,9.740289916992187500e+02,8.416630249023437500e+02,-6.860590362548828125e+01,9.569580078125000000e+02,8.305260009765625000e+02
-2.323430023193359375e+02,9.616599731445312500e+02,8.412509765625000000e+02,-6.793890380859375000e+01,9.441710205078125000e+02,8.311450195312500000e+02
-2.316419982910156250e+02,9.493330078125000000e+02,8.410869750976562500e+02,-6.722139739990234375e+01,9.314520263671875000e+02,8.319899902343750000e+02
-2.308939971923828125e+02,9.370750122070312500e+02,8.411630249023437500e+02,-6.646230316162109375e+01,9.188330078125000000e+02,8.330380249023437500e+02
-2.301049957275390625e+02,9.249160156250000000e+02,8.414600219726562500e+02,-6.566729736328125000e+01,9.063410034179687500e+02,8.342609863281250000e+02
-2.292790069580078125e+02,9.128779907226562500e+02,8.419520263671875000e+02,-6.483920288085937500e+01,8.940040283203125000e+02,8.356339721679687500e+02
-2.284190063476562500e+02,9.009899902343750000e+02,8.426030273437500000e+02,-6.397980499267578125e+01,8.818480224609375000e+02,8.371309814453125000e+02
-2.275279998779296875e+02,8.892689819335937500e+02,8.433800048828125000e+02,-6.309030151367187500e+01,8.698950195312500000e+02,8.387249755859375000e+02
-2.266089935302734375e+02,8.777299804687500000e+02,8.442509765625000000e+02,-6.217409896850585938e+01,8.581619873046875000e+02,8.403969726562500000e+02
-2.256719970703125000e+02,8.663750000000000000e+02,8.451979980468750000e+02,-6.123789978027343750e+01,8.466619873046875000e+02,8.421290283203125000e+02
-2.247279968261718750e+02,8.551979980468750000e+02,8.462109985351562500e+02,-6.029150009155273438e+01,8.353980102539062500e+02,8.439069824218750000e+02
-2.237910003662109375e+02,8.441820068359375000e+02,8.472949829101562500e+02,-5.934849929809570312e+01,8.243640136718750000e+02,8.457199707031250000e+02
-2.228789978027343750e+02,8.333020019531250000e+02,8.484650268554687500e+02,-5.842399978637695312e+01,8.135460205078125000e+02,8.475590209960937500e+02
-2.220099945068359375e+02,8.225310058593750000e+02,8.497399902343750000e+02,-5.753519821166992188e+01,8.029240112304687500e+02,8.494149780273437500e+02
-2.211999969482421875e+02,8.118439941406250000e+02,8.511380004882812500e+02,-5.669620132446289062e+01,7.924769897460937500e+02,8.512830200195312500e+02
-2.204609985351562500e+02,8.012139892578125000e+02,8.526719970703125000e+02,-5.591910171508789062e+01,7.821790161132812500e+02,8.531569824218750000e+02
-2.198029937744140625e+02,7.906220092773437500e+02,8.543499755859375000e+02,-5.521369934082031250e+01,7.720029907226562500e+02,8.550300292968750000e+02
-2.192299957275390625e+02,7.800520019531250000e+02,8.561649780273437500e+02,-5.458570098876953125e+01,7.619279785156250000e+02,8.568950195312500000e+02
-2.187420043945312500e+02,7.694970092773437500e+02,8.581030273437500000e+02,-5.403770065307617188e+01,7.519310302734375000e+02,8.587440185546875000e+02
-2.183399963378906250e+02,7.589509887695312500e+02,8.601380004882812500e+02,-5.357009887695312500e+01,7.419959716796875000e+02,8.605640258789062500e+02
-2.180169982910156250e+02,7.484199829101562500e+02,8.622369995117187500e+02,-5.318170166015625000e+01,7.321119995117187500e+02,8.623410034179687500e+02
-2.177700042724609375e+02,7.379119873046875000e+02,8.643599853515625000e+02,-5.286989974975585938e+01,7.222709960937500000e+02,8.640579833984375000e+02
-2.175930023193359375e+02,7.274400024414062500e+02,8.664630126953125000e+02,-5.263199996948242188e+01,7.124710083007812500e+02,8.656939697265625000e+02
-2.174810028076171875e+02,7.170159912109375000e+02,8.685009765625000000e+02,-5.246509933471679688e+01,7.027109985351562500e+02,8.672299804687500000e+02
-2.174320068359375000e+02,7.066539916992187500e+02,8.704279785156250000e+02,-5.236650085449218750e+01,6.929890136718750000e+02,8.686430053710937500e+02
-2.174429931640625000e+02,6.963660278320312500e+02,8.721989746093750000e+02,-5.233390045166015625e+01,6.833070068359375000e+02,8.699099731445312500e+02
-2.175090026855468750e+02,6.861589965820312500e+02,8.737730102539062500e+02,-5.236410140991210938e+01,6.736640014648437500e+02,8.710139770507812500e+02
-2.176289978027343750e+02,6.760349731445312500e+02,8.751149902343750000e+02,-5.245370101928710938e+01,6.640540161132812500e+02,8.719349975585937500e+02
-2.177989959716796875e+02,6.659910278320312500e+02,8.761920166015625000e+02,-5.259830093383789062e+01,6.544699707031250000e+02,8.726589965820312500e+02
-2.180160064697265625e+02,6.560209960937500000e+02,8.769790039062500000e+02,-5.279299926757812500e+01,6.449039916992187500e+02,8.731760253906250000e+02
-2.182740020751953125e+02,6.461119995117187500e+02,8.774569702148437500e+02,-5.303239822387695312e+01,6.353439941406250000e+02,8.734780273437500000e+02
-2.185709991455078125e+02,6.362500000000000000e+02,8.776129760742187500e+02,-5.331179809570312500e+01,6.257780151367187500e+02,8.735590209960937500e+02
-2.189010009765625000e+02,6.264199829101562500e+02,8.774420166015625000e+02,-5.362620162963867188e+01,6.161920166015625000e+02,8.734199829101562500e+02
-2.192619934082031250e+02,6.166030273437500000e+02,8.769470214843750000e+02,-5.397180175781250000e+01,6.065709838867187500e+02,8.730640258789062500e+02
-2.196510009765625000e+02,6.067800292968750000e+02,8.761339721679687500e+02,-5.434600067138671875e+01,5.969030151367187500e+02,8.724940185546875000e+02
-2.200650024414062500e+02,5.969329833984375000e+02,8.750139770507812500e+02,-5.474580001831054688e+01,5.871729736328125000e+02,8.717219848632812500e+02
-2.205019989013671875e+02,5.870430297851562500e+02,8.736019897460937500e+02,-5.516899871826171875e+01,5.773679809570312500e+02,8.707559814453125000e+02
-2.209589996337890625e+02,5.770880126953125000e+02,8.719119873046875000e+02,-5.561380004882812500e+01,5.674739990234375000e+02,8.696079711914062500e+02
-2.214309997558593750e+02,5.670499877929687500e+02,8.699559936523437500e+02,-5.607600021362304688e+01,5.574790039062500000e+02,8.682899780273437500e+02
-2.219140014648437500e+02,5.569080200195312500e+02,8.677490234375000000e+02,-5.655120086669921875e+01,5.473699951171875000e+02,8.668150024414062500e+02
-2.224019927978515625e+02,5.466480102539062500e+02,8.653020019531250000e+02,-5.703480148315429688e+01,5.371400146484375000e+02,8.651920166015625000e+02
-2.228919982910156250e+02,5.362620239257812500e+02,8.626409912109375000e+02,-5.752510070800781250e+01,5.267830200195312500e+02,8.634349975585937500e+02
-2.233880004882812500e+02,5.257449951171875000e+02,8.598060302734375000e+02,-5.802619934082031250e+01,5.162999877929687500e+02,8.615549926757812500e+02
-2.239019927978515625e+02,5.151019897460937500e+02,8.568619995117187500e+02,-5.855099868774414062e+01,5.056949768066406250e+02,8.595700073242187500e+02
-2.244579925537109375e+02,5.043380126953125000e+02,8.538969726562500000e+02,-5.912189865112304688e+01,4.949750061035156250e+02,8.574970092773437500e+02
-2.250879974365234375e+02,4.934620056152343750e+02,8.510079956054687500e+02,-5.976679992675781250e+01,4.841480102539062500e+02,8.553590087890625000e+02
-2.258229980468750000e+02,4.824830017089843750e+02,8.482949829101562500e+02,-6.051440048217773438e+01,4.732260131835937500e+02,8.531820068359375000e+02
-2.266909942626953125e+02,4.714049987792968750e+02,8.458380126953125000e+02,-6.138669967651367188e+01,4.622179870605468750e+02,8.509920043945312500e+02
-2.277070007324218750e+02,4.602330017089843750e+02,8.436890258789062500e+02,-6.239609909057617188e+01,4.511350097656250000e+02,8.488159790039062500e+02
-2.288699951171875000e+02,4.489670104980468750e+02,8.418720092773437500e+02,-6.354359436035156250e+01,4.399859924316406250e+02,8.466829833984375000e+02
-2.301699981689453125e+02,4.376090087890625000e+02,8.403870239257812500e+02,-6.481970214843750000e+01,4.287799987792968750e+02,8.446240234375000000e+02
-2.315879974365234375e+02,4.261589965820312500e+02,8.392189941406250000e+02,-6.620919799804687500e+01,4.175239868164062500e+02,8.426690063476562500e+02
-2.331049957275390625e+02,4.146229858398437500e+02,8.383540039062500000e+02,-6.769680023193359375e+01,4.062250061035156250e+02,8.408549804687500000e+02
-2.347039947509765625e+02,4.030060119628906250e+02,8.377830200195312500e+02,-6.926950073242187500e+01,3.948919982910156250e+02,8.392189941406250000e+02
-2.363730010986328125e+02,3.913250122070312500e+02,8.375079956054687500e+02,-7.091649627685546875e+01,3.835299987792968750e+02,8.377999877929687500e+02
-2.381000061035156250e+02,3.795960083007812500e+02,8.375310058593750000e+02,-7.263009643554687500e+01,3.721480102539062500e+02,8.366320190429687500e+02
-2.398760070800781250e+02,3.678399963378906250e+02,8.378530273437500000e+02,-7.440110015869140625e+01,3.607520141601562500e+02,8.357449951171875000e+02
-2.416909942626953125e+02,3.560799865722656250e+02,8.384619750976562500e+02,-7.622039794921875000e+01,3.493500061035156250e+02,8.351569824218750000e+02
-2.435359954833984375e+02,3.443330078125000000e+02,8.393400268554687500e+02,-7.807939910888671875e+01,3.379490051269531250e+02,8.348699951171875000e+02
-2.454049987792968750e+02,3.326199951171875000e+02,8.404580078125000000e+02,-7.996990203857421875e+01,3.265599975585937500e+02,8.348709716796875000e+02
-2.472910003662109375e+02,3.209580078125000000e+02,8.417800292968750000e+02,-8.188520050048828125e+01,3.151940002441406250e+02,8.351320190429687500e+02
-2.491900024414062500e+02,3.093659973144531250e+02,8.432650146484375000e+02,-8.381819915771484375e+01,3.038649902343750000e+02,8.356160278320312500e+02
-2.510939788818359375e+02,2.978599853515625000e+02,8.448709716796875000e+02,-8.576080322265625000e+01,2.925849914550781250e+02,8.362780151367187500e+02
-2.529929809570312500e+02,2.864549865722656250e+02,8.465570068359375000e+02,-8.770220184326171875e+01,2.813630065917968750e+02,8.370789794921875000e+02
-2.548750000000000000e+02,2.751589965820312500e+02,8.482860107421875000e+02,-8.962950134277343750e+01,2.702040100097656250e+02,8.379860229492187500e+02
-2.567260131835937500e+02,2.639769897460937500e+02,8.500280151367187500e+02,-9.152619934082031250e+01,2.591090087890625000e+02,8.389799804687500000e+02
-2.585289916992187500e+02,2.529100189208984375e+02,8.517589721679687500e+02,-9.337329864501953125e+01,2.480700073242187500e+02,8.400540161132812500e+02
-2.602659912109375000e+02,2.419510040283203125e+02,8.534619750976562500e+02,-9.515100097656250000e+01,2.370800018310546875e+02,8.412119750976562500e+02
-2.619209899902343750e+02,2.310939941406250000e+02,8.551259765625000000e+02,-9.684010314941406250e+01,2.261289978027343750e+02,8.424639892578125000e+02
-2.634800109863281250e+02,2.203269958496093750e+02,8.567440185546875000e+02,-9.842420196533203125e+01,2.152079925537109375e+02,8.438209838867187500e+02
-2.649330139160156250e+02,2.096390075683593750e+02,8.583140258789062500e+02,-9.989189910888671875e+01,2.043099975585937500e+02,8.452890014648437500e+02
-2.662739868164062500e+02,1.990189971923828125e+02,8.598330078125000000e+02,-1.012369995117187500e+02,1.934309997558593750e+02,8.468649902343750000e+02
-2.675010070800781250e+02,1.884559936523437500e+02,8.613020019531250000e+02,-1.024580001831054688e+02,1.825690002441406250e+02,8.485390014648437500e+02
-2.686159973144531250e+02,1.779380035400390625e+02,8.627210083007812500e+02,-1.035599975585937500e+02,1.717230072021484375e+02,8.502890014648437500e+02
-2.696220092773437500e+02,1.674579925537109375e+02,8.640869750976562500e+02,-1.045479965209960938e+02,1.608950042724609375e+02,8.520889892578125000e+02
-2.705270080566406250e+02,1.570070037841796875e+02,8.653959960937500000e+02,-1.054309997558593750e+02,1.500890045166015625e+02,8.539060058593750000e+02
-2.713370056152343750e+02,1.465809936523437500e+02,8.666430053710937500e+02,-1.062180023193359375e+02,1.393110046386718750e+02,8.557080078125000000e+02
-2.720580139160156250e+02,1.361779937744140625e+02,8.678189697265625000e+02,-1.069179992675781250e+02,1.285670013427734375e+02,8.574609985351562500e+02
-2.726979980468750000e+02,1.257970046997070312e+02,8.689149780273437500e+02,-1.075370025634765625e+02,1.178659973144531250e+02,8.591329956054687500e+02
-2.732630004882812500e+02,1.154400024414062500e+02,8.699190063476562500e+02,-1.080839996337890625e+02,1.072160034179687500e+02,8.606950073242187500e+02
-2.737569885253906250e+02,1.051100006103515625e+02,8.708200073242187500e+02,-1.085630035400390625e+02,9.662619781494140625e+01,8.621199951171875000e+02
-2.741879882812500000e+02,9.480840301513671875e+01,8.716069946289062500e+02,-1.089810028076171875e+02,8.610230255126953125e+01,8.633839721679687500e+02
-2.745610046386718750e+02,8.453730010986328125e+01,8.722680053710937500e+02,-1.093430023193359375e+02,7.564900207519531250e+01,8.644660034179687500e+02
-2.748810119628906250e+02,7.429779815673828125e+01,8.727940063476562500e+02,-1.096539993286132812e+02,6.526879882812500000e+01,8.653469848632812500e+02
-2.751539916992187500e+02,6.409049987792968750e+01,8.731770019531250000e+02,-1.099209976196289062e+02,5.496089935302734375e+01,8.660109863281250000e+02
-2.753850097656250000e+02,5.391450119018554688e+01,8.734089965820312500e+02,-1.101470031738281250e+02,4.472240066528320312e+01,8.664450073242187500e+02
-2.755809936523437500e+02,4.376869964599609375e+01,8.734840087890625000e+02,-1.103399963378906250e+02,3.454809951782226562e+01,8.666359863281250000e+02
-2.757470092773437500e+02,3.364960098266601562e+01,8.734010009765625000e+02,-1.105039978027343750e+02,2.442959976196289062e+01,8.665780029296875000e+02
-2.758859863281250000e+02,2.355470085144042969e+01,8.731580200195312500e+02,-1.106449966430664062e+02,1.435830020904541016e+01,8.662659912109375000e+02
-2.760029907226562500e+02,1.347920036315917969e+01,8.727559814453125000e+02,-1.107659988403320312e+02,4.323080062866210938e+00,8.656989746093750000e+02
-2.761000061035156250e+02,3.417419910430908203e+00,8.721979980468750000e+02,-1.108720016479492188e+02,-5.689430236816406250e+00,8.648809814453125000e+02
-2.761780090332031250e+02,-6.637730121612548828e+00,8.714879760742187500e+02,-1.109629974365234375e+02,-1.569340038299560547e+01,8.638200073242187500e+02
-2.762359924316406250e+02,-1.669470024108886719e+01,8.706300048828125000e+02,-1.110400009155273438e+02,-2.570409965515136719e+01,8.625239868164062500e+02
-2.762749938964843750e+02,-2.676359939575195312e+01,8.696309814453125000e+02,-1.111029968261718750e+02,-3.574029922485351562e+01,8.610050048828125000e+02
-2.762950134277343750e+02,-3.685549926757812500e+01,8.684940185546875000e+02,-1.111549987792968750e+02,-4.582070159912109375e+01,8.592689819335937500e+02
-2.762990112304687500e+02,-4.698410034179687500e+01,8.672260131835937500e+02,-1.111999969482421875e+02,-5.596749877929687500e+01,8.573209838867187500e+02
-2.762929992675781250e+02,-5.716130065917968750e+01,8.658319702148437500e+02,-1.112440032958984375e+02,-6.619989776611328125e+01,8.551610107421875000e+02
-2.762820129394531250e+02,-6.739890289306640625e+01,8.643189697265625000e+02,-1.112959976196289062e+02,-7.653479766845703125e+01,8.527930297851562500e+02
-2.762720031738281250e+02,-7.770610046386718750e+01,8.626959838867187500e+02,-1.113619995117187500e+02,-8.698439788818359375e+01,8.502319946289062500e+02
-2.762579956054687500e+02,-8.809120178222656250e+01,8.609760131835937500e+02,-1.114369964599609375e+02,-9.755470275878906250e+01,8.475139770507812500e+02
-2.762309875488281250e+02,-9.855999755859375000e+01,8.591760253906250000e+02,-1.115090026855468750e+02,-1.082470016479492188e+02,8.447020263671875000e+02
-2.761700134277343750e+02,-1.091200027465820312e+02,8.573170166015625000e+02,-1.115510025024414062e+02,-1.190619964599609375e+02,8.418809814453125000e+02
-2.760509948730468750e+02,-1.197789993286132812e+02,8.554219970703125000e+02,-1.115289993286132812e+02,-1.300010070800781250e+02,8.391480102539062500e+02
-2.758489990234375000e+02,-1.305449981689453125e+02,8.535150146484375000e+02,-1.114110031127929688e+02,-1.410630035400390625e+02,8.365969848632812500e+02
-2.755429992675781250e+02,-1.414259948730468750e+02,8.516220092773437500e+02,-1.111669998168945312e+02,-1.522550048828125000e+02,8.343049926757812500e+02
-2.751199951171875000e+02,-1.524309997558593750e+02,8.497639770507812500e+02,-1.107789993286132812e+02,-1.635800018310546875e+02,8.323209838867187500e+02
-2.745780029296875000e+02,-1.635639953613281250e+02,8.479619750976562500e+02,-1.102429962158203125e+02,-1.750420074462890625e+02,8.306649780273437500e+02
-2.739179992675781250e+02,-1.748329925537109375e+02,8.462360229492187500e+02,-1.095660018920898438e+02,-1.866450042724609375e+02,8.293300170898437500e+02
-2.731480102539062500e+02,-1.862380065917968750e+02,8.446040039062500000e+02,-1.087610015869140625e+02,-1.983899993896484375e+02,8.282990112304687500e+02
-2.722760009765625000e+02,-1.977769927978515625e+02,8.430889892578125000e+02,-1.078399963378906250e+02,-2.102680053710937500e+02,8.275510253906250000e+02
-2.713049926757812500e+02,-2.094409942626953125e+02,8.417150268554687500e+02,-1.068119964599609375e+02,-2.222660064697265625e+02,8.270750122070312500e+02
-2.702359924316406250e+02,-2.212149963378906250e+02,8.405079956054687500e+02,-1.056829986572265625e+02,-2.343600006103515625e+02,8.268690185546875000e+02
-2.690719909667968750e+02,-2.330780029296875000e+02,8.394949951171875000e+02,-1.044560012817382812e+02,-2.465169982910156250e+02,8.269359741210937500e+02
-2.678129882812500000e+02,-2.450030059814453125e+02,8.387020263671875000e+02,-1.031360015869140625e+02,-2.587009887695312500e+02,8.272750244140625000e+02
-2.664639892578125000e+02,-2.569599914550781250e+02,8.381480102539062500e+02,-1.017289962768554688e+02,-2.708729858398437500e+02,8.278759765625000000e+02
-2.650329895019531250e+02,-2.689190063476562500e+02,8.378419799804687500e+02,-1.002450027465820312e+02,-2.829970092773437500e+02,8.287189941406250000e+02
-2.635280151367187500e+02,-2.808460083007812500e+02,8.377860107421875000e+02,-9.869129943847656250e+01,-2.950390014648437500e+02,8.297810058593750000e+02
-2.619559936523437500e+02,-2.927059936523437500e+02,8.379669799804687500e+02,-9.707659912109375000e+01,-3.069670104980468750e+02,8.310319824218750000e+02
-2.603229980468750000e+02,-3.044630126953125000e+02,8.383640136718750000e+02,-9.540709686279296875e+01,-3.187529907226562500e+02,8.324429931640625000e+02
-2.586359863281250000e+02,-3.160809936523437500e+02,8.389439697265625000e+02,-9.368730163574218750e+01,-3.303680114746093750e+02,8.339840087890625000e+02
-2.568980102539062500e+02,-3.275260009765625000e+02,8.396690063476562500e+02,-9.192240142822265625e+01,-3.417890014648437500e+02,8.356259765625000000e+02
-2.551170043945312500e+02,-3.387690124511718750e+02,8.405020141601562500e+02,-9.011900329589843750e+01,-3.529949951171875000e+02,8.373410034179687500e+02
-2.533009948730468750e+02,-3.497929992675781250e+02,8.414080200195312500e+02,-8.828489685058593750e+01,-3.639729919433593750e+02,8.391079711914062500e+02
-2.514629974365234375e+02,-3.605939941406250000e+02,8.423670043945312500e+02,-8.643229675292968750e+01,-3.747200012207031250e+02,8.409080200195312500e+02
-2.496170043945312500e+02,-3.711809997558593750e+02,8.433720092773437500e+02,-8.457540130615234375e+01,-3.852399902343750000e+02,8.427280273437500000e+02
-2.477819976806640625e+02,-3.815759887695312500e+02,8.444290161132812500e+02,-8.273229980468750000e+01,-3.955480041503906250e+02,8.445590209960937500e+02
-2.459770050048828125e+02,-3.918070068359375000e+02,8.455540161132812500e+02,-8.091950225830078125e+01,-4.056659851074218750e+02,8.463950195312500000e+02
-2.442209930419921875e+02,-4.019110107421875000e+02,8.467700195312500000e+02,-7.915519714355468750e+01,-4.156199951171875000e+02,8.482310180664062500e+02
-2.425299987792968750e+02,-4.119219970703125000e+02,8.480969848632812500e+02,-7.745449829101562500e+01,-4.254410095214843750e+02,8.500629882812500000e+02
-2.409199981689453125e+02,-4.218729858398437500e+02,8.495490112304687500e+02,-7.583000183105468750e+01,-4.351549987792968750e+02,8.518880004882812500e+02
-2.393999938964843750e+02,-4.317900085449218750e+02,8.511309814453125000e+02,-7.429080200195312500e+01,-4.447900085449218750e+02,8.537000122070312500e+02
-2.379770050048828125e+02,-4.416969909667968750e+02,8.528400268554687500e+02,-7.284339904785156250e+01,-4.543680114746093750e+02,8.554920043945312500e+02
-2.366540069580078125e+02,-4.516069946289062500e+02,8.546589965820312500e+02,-7.149130249023437500e+01,-4.639060058593750000e+02,8.572540283203125000e+02
-2.354309997558593750e+02,-4.615289916992187500e+02,8.565609741210937500e+02,-7.023549652099609375e+01,-4.734179992675781250e+02,8.589730224609375000e+02
-2.343059997558593750e+02,-4.714649963378906250e+02,8.585120239257812500e+02,-6.907499694824218750e+01,-4.829110107421875000e+02,8.606350097656250000e+02
-2.332749938964843750e+02,-4.814129943847656250e+02,8.604719848632812500e+02,-6.800839996337890625e+01,-4.923880004882812500e+02,8.622239990234375000e+02
-2.323350067138671875e+02,-4.913659973144531250e+02,8.623950195312500000e+02,-6.703199768066406250e+01,-5.018500061035156250e+02,8.637189941406250000e+02
-2.314790039062500000e+02,-5.013160095214843750e+02,8.642369995117187500e+02,-6.614209747314453125e+01,-5.112959594726562500e+02,8.651040039062500000e+02
-2.307019958496093750e+02,-5.112529907226562500e+02,8.659509887695312500e+02,-6.533360290527343750e+01,-5.207230224609375000e+02,8.663590087890625000e+02
-2.299980010986328125e+02,-5.211690063476562500e+02,8.674949951171875000e+02,-6.460050201416015625e+01,-5.301290283203125000e+02,8.674660034179687500e+02
-2.293589935302734375e+02,-5.310590209960937500e+02,8.688270263671875000e+02,-6.393569564819335938e+01,-5.395130004882812500e+02,8.684089965820312500e+02
-2.287790069580078125e+02,-5.409149780273437500e+02,8.699130249023437500e+02,-6.333169937133789062e+01,-5.488779907226562500e+02,8.691749877929687500e+02
-2.282480010986328125e+02,-5.507390136718750000e+02,8.707230224609375000e+02,-6.277970123291015625e+01,-5.582269897460937500e+02,8.697520141601562500e+02
-2.277590026855468750e+02,-5.605300292968750000e+02,8.712340087890625000e+02,-6.227239990234375000e+01,-5.675659790039062500e+02,8.701320190429687500e+02
-2.273059997558593750e+02,-5.702899780273437500e+02,8.714310302734375000e+02,-6.180199813842773438e+01,-5.769039916992187500e+02,8.703099975585937500e+02
-2.268820037841796875e+02,-5.800239868164062500e+02,8.713070068359375000e+02,-6.136180114746093750e+01,-5.862520141601562500e+02,8.702819824218750000e+02
-2.264819946289062500e+02,-5.897379760742187500e+02,8.708640136718750000e+02,-6.094789886474609375e+01,-5.956199951171875000e+02,8.700510253906250000e+02
-2.261029968261718750e+02,-5.994409790039062500e+02,8.701110229492187500e+02,-6.055810165405273438e+01,-6.050230102539062500e+02,8.696199951171875000e+02
-2.257449951171875000e+02,-6.091400146484375000e+02,8.690599975585937500e+02,-6.019070053100585938e+01,-6.144739990234375000e+02,8.689959716796875000e+02
-2.254060058593750000e+02,-6.188489990234375000e+02,8.677269897460937500e+02,-5.984590148925781250e+01,-6.239899902343750000e+02,8.681849975585937500e+02
-2.250839996337890625e+02,-6.285809936523437500e+02,8.661270141601562500e+02,-5.952239990234375000e+01,-6.335819702148437500e+02,8.671979980468750000e+02
-2.247760009765625000e+02,-6.383489990234375000e+02,8.642719726562500000e+02,-5.921820068359375000e+01,-6.432670288085937500e+02,8.660410156250000000e+02
-2.244790039062500000e+02,-6.481680297851562500e+02,8.621740112304687500e+02,-5.893080139160156250e+01,-6.530540161132812500e+02,8.647239990234375000e+02
-2.241889953613281250e+02,-6.580499877929687500e+02,8.598480224609375000e+02,-5.865620040893554688e+01,-6.629520263671875000e+02,8.632540283203125000e+02
-2.239049987792968750e+02,-6.680029907226562500e+02,8.573209838867187500e+02,-5.839550018310546875e+01,-6.729660034179687500e+02,8.616409912109375000e+02
-2.236349945068359375e+02,-6.780330200195312500e+02,8.546400146484375000e+02,-5.815539932250976562e+01,-6.830969848632812500e+02,8.598980102539062500e+02
-2.233950042724609375e+02,-6.881459960937500000e+02,8.518740234375000000e+02,-5.795080184936523438e+01,-6.933439941406250000e+02,8.580380249023437500e+02
-2.232129974365234375e+02,-6.983449707031250000e+02,8.491099853515625000e+02,-5.780609893798828125e+01,-7.037050170898437500e+02,8.560800170898437500e+02
-2.231199951171875000e+02,-7.086359863281250000e+02,8.464409790039062500e+02,-5.774779891967773438e+01,-7.141770019531250000e+02,8.540449829101562500e+02
-2.231490020751953125e+02,-7.190269775390625000e+02,8.439550170898437500e+02,-5.780099868774414062e+01,-7.247550048828125000e+02,8.519550170898437500e+02
-2.233200073242187500e+02,-7.295250244140625000e+02,8.417139892578125000e+02,-5.798479843139648438e+01,-7.354329833984375000e+02,8.498339843750000000e+02
-2.236439971923828125e+02,-7.401389770507812500e+02,8.397540283203125000e+02,-5.830619812011718750e+01,-7.462020263671875000e+02,8.477059936523437500e+02
-2.241159973144531250e+02,-7.508750000000000000e+02,8.380830078125000000e+02,-5.876190185546875000e+01,-7.570510253906250000e+02,8.455939941406250000e+02
-2.247230072021484375e+02,-7.617420043945312500e+02,8.366900024414062500e+02,-5.934090042114257812e+01,-7.679689941406250000e+02,8.435230102539062500e+02
-2.254440002441406250e+02,-7.727399902343750000e+02,8.355560302734375000e+02,-6.002790069580078125e+01,-7.789450073242187500e+02,8.415239868164062500e+02
-2.262660064697265625e+02,-7.838660278320312500e+02,8.346719970703125000e+02,-6.081209945678710938e+01,-7.899669799804687500e+02,8.396309814453125000e+02
-2.271759948730468750e+02,-7.951110229492187500e+02,8.340399780273437500e+02,-6.168610000610351562e+01,-8.010239868164062500e+02,8.378839721679687500e+02
-2.281699981689453125e+02,-8.064569702148437500e+02,8.336779785156250000e+02,-6.264740371704101562e+01,-8.121040039062500000e+02,8.363259887695312500e+02
-2.292420043945312500e+02,-8.178770141601562500e+02,8.336049804687500000e+02,-6.369359970092773438e+01,-8.231959838867187500e+02,8.350040283203125000e+02
-2.303869934082031250e+02,-8.293480224609375000e+02,8.338380126953125000e+02,-6.482080078125000000e+01,-8.342910156250000000e+02,8.339589843750000000e+02
-2.315950012207031250e+02,-8.408449707031250000e+02,8.343790283203125000e+02,-6.602110290527343750e+01,-8.453839721679687500e+02,8.332239990234375000e+02
-2.328569946289062500e+02,-8.523469848632812500e+02,8.352189941406250000e+02,-6.728559875488281250e+01,-8.564699707031250000e+02,8.328220214843750000e+02
-2.341609954833984375e+02,-8.638359985351562500e+02,8.363369750976562500e+02,-6.860130310058593750e+01,-8.675469970703125000e+02,8.327550048828125000e+02
-2.354989929199218750e+02,-8.752949829101562500e+02,8.377050170898437500e+02,-6.995829772949218750e+01,-8.786090087890625000e+02,8.330130004882812500e+02
-2.368589935302734375e+02,-8.867100219726562500e+02,8.392830200195312500e+02,-7.134320068359375000e+01,-8.896500244140625000e+02,8.335689697265625000e+02
-2.382279968261718750e+02,-8.980570068359375000e+02,8.410289916992187500e+02,-7.274199676513671875e+01,-9.006589965820312500e+02,8.343870239257812500e+02
-2.395950012207031250e+02,-9.093209838867187500e+02,8.428969726562500000e+02,-7.413999938964843750e+01,-9.116259765625000000e+02,8.354249877929687500e+02
-2.409440002441406250e+02,-9.204849853515625000e+02,8.448460083007812500e+02,-7.552020263671875000e+01,-9.225410156250000000e+02,8.366459960937500000e+02
-2.422590026855468750e+02,-9.315319824218750000e+02,8.468330078125000000e+02,-7.686470031738281250e+01,-9.333939819335937500e+02,8.380109863281250000e+02
-2.435240020751953125e+02,-9.424550170898437500e+02,8.488239746093750000e+02,-7.815550231933593750e+01,-9.441829833984375000e+02,8.394920043945312500e+02
-2.447220001220703125e+02,-9.532440185546875000e+02,8.507910156250000000e+02,-7.937580108642578125e+01,-9.549019775390625000e+02,8.410670166015625000e+02
-2.458419952392578125e+02,-9.638959960937500000e+02,8.527100219726562500e+02,-8.051149749755859375e+01,-9.655510253906250000e+02,8.427180175781250000e+02
-2.468710021972656250e+02,-9.744110107421875000e+02,8.545650024414062500e+02,-8.154959869384765625e+01,-9.761329956054687500e+02,8.444310302734375000e+02
-2.478020019531250000e+02,-9.848049926757812500e+02,8.563449707031250000e+02,-8.248300170898437500e+01,-9.866630249023437500e+02,8.461989746093750000e+02
-2.486280059814453125e+02,-9.950910034179687500e+02,8.580440063476562500e+02,-8.330449676513671875e+01,-9.971480102539062500e+02,8.480100097656250000e+02
-2.493470001220703125e+02,-1.005280029296875000e+03,8.596589965820312500e+02,-8.401370239257812500e+01,-1.007599975585937500e+03,8.498549804687500000e+02
-2.499609985351562500e+02,-1.015409973144531250e+03,8.611890258789062500e+02,-8.461319732666015625e+01,-1.018039916992187500e+03,8.517189941406250000e+02
-2.504759979248046875e+02,-1.025479980468750000e+03,8.626329956054687500e+02,-8.511000061035156250e+01,-1.028469970703125000e+03,8.535830078125000000e+02
-2.508960113525390625e+02,-1.035520019531250000e+03,8.639929809570312500e+02,-8.551180267333984375e+01,-1.038900024414062500e+03,8.554249877929687500e+02
-2.512290191650390625e+02,-1.045550048828125000e+03,8.652650146484375000e+02,-8.582749938964843750e+01,-1.049349975585937500e+03,8.572210083007812500e+02
-2.514829864501953125e+02,-1.055569946289062500e+03,8.664489746093750000e+02,-8.606690216064453125e+01,-1.059800048828125000e+03,8.589479980468750000e+02
-2.516669921875000000e+02,-1.065609985351562500e+03,8.675380249023437500e+02,-8.623819732666015625e+01,-1.070270019531250000e+03,8.605819702148437500e+02
-2.517859954833984375e+02,-1.075660034179687500e+03,8.685280151367187500e+02,-8.634899902343750000e+01,-1.080750000000000000e+03,8.621010131835937500e+02
-2.518500061035156250e+02,-1.085750000000000000e+03,8.694119873046875000e+02,-8.640740203857421875e+01,-1.091250000000000000e+03,8.634829711914062500e+02
-2.518659820556640625e+02,-1.095859985351562500e+03,8.701790161132812500e+02,-8.642120361328125000e+01,-1.101750000000000000e+03,8.647030029296875000e+02
-2.518450012207031250e+02,-1.106000000000000000e+03,8.708220214843750000e+02,-8.640059661865234375e+01,-1.112250000000000000e+03,8.657390136718750000e+02
-2.517980041503906250e+02,-1.116160034179687500e+03,8.713309936523437500e+02,-8.635700225830078125e+01,-1.122739990234375000e+03,8.665659790039062500e+02
-2.517350006103515625e+02,-1.126359985351562500e+03,8.716970214843750000e+02,-8.629920196533203125e+01,-1.133229980468750000e+03,8.671630249023437500e+02
-2.516669921875000000e+02,-1.136579956054687500e+03,8.719119873046875000e+02,-8.623819732666015625e+01,-1.143699951171875000e+03,8.675070190429687500e+02
-2.515999908447265625e+02,-1.146829956054687500e+03,8.719719848632812500e+02,-8.618019866943359375e+01,-1.154160034179687500e+03,8.675889892578125000e+02
-2.515409851074218750e+02,-1.157099975585937500e+03,8.718709716796875000e+02,-8.613169860839843750e+01,-1.164609985351562500e+03,8.673959960937500000e+02
-2.514930114746093750e+02,-1.167400024414062500e+03,8.716060180664062500e+02,-8.609600067138671875e+01,-1.175050048828125000e+03,8.669260253906250000e+02
-2.514570007324218750e+02,-1.177719970703125000e+03,8.711779785156250000e+02,-8.607369995117187500e+01,-1.185479980468750000e+03,8.661779785156250000e+02
-2.514270019531250000e+02,-1.188060058593750000e+03,8.705830078125000000e+02,-8.606159973144531250e+01,-1.195910034179687500e+03,8.651599731445312500e+02
-2.514010009765625000e+02,-1.198439941406250000e+03,8.698239746093750000e+02,-8.605639648437500000e+01,-1.206349975585937500e+03,8.638770141601562500e+02
-2.513729858398437500e+02,-1.208859985351562500e+03,8.689019775390625000e+02,-8.605490112304687500e+01,-1.216819946289062500e+03,8.623300170898437500e+02
-2.513450012207031250e+02,-1.219319946289062500e+03,8.678170166015625000e+02,-8.605989837646484375e+01,-1.227319946289062500e+03,8.605189819335937500e+02
-2.513150024414062500e+02,-1.229829956054687500e+03,8.665720214843750000e+02,-8.607099914550781250e+01,-1.237890014648437500e+03,8.584370117187500000e+02
-2.512879943847656250e+02,-1.240410034179687500e+03,8.651680297851562500e+02,-8.609790039062500000e+01,-1.248540039062500000e+03,8.560729980468750000e+02
-2.512640075683593750e+02,-1.251050048828125000e+03,8.636119995117187500e+02,-8.614109802246093750e+01,-1.259270019531250000e+03,8.534400024414062500e+02
-2.512389984130859375e+02,-1.261760009765625000e+03,8.619140014648437500e+02,-8.619799804687500000e+01,-1.270089965820312500e+03,8.505709838867187500e+02
-2.511929931640625000e+02,-1.272540039062500000e+03,8.600889892578125000e+02,-8.624520111083984375e+01,-1.281000000000000000e+03,8.475419921875000000e+02
-2.510959777832031250e+02,-1.283400024414062500e+03,8.581599731445312500e+02,-8.624749755859375000e+01,-1.292010009765625000e+03,8.444630126953125000e+02
-2.509149932861328125e+02,-1.294339965820312500e+03,8.561539916992187500e+02,-8.616110229492187500e+01,-1.303099975585937500e+03,8.414569702148437500e+02
-2.506189880371093750e+02,-1.305359985351562500e+03,8.540980224609375000e+02,-8.594329833984375000e+01,-1.314280029296875000e+03,8.386400146484375000e+02
-2.501809844970703125e+02,-1.316469970703125000e+03,8.520239868164062500e+02,-8.555879974365234375e+01,-1.325579956054687500e+03,8.361049804687500000e+02
-2.495870056152343750e+02,-1.327680053710937500e+03,8.499600219726562500e+02,-8.498909759521484375e+01,-1.336979980468750000e+03,8.339050292968750000e+02
-2.488359985351562500e+02,-1.338989990234375000e+03,8.479379882812500000e+02,-8.423349761962890625e+01,-1.348500000000000000e+03,8.320590209960937500e+02
-2.479360046386718750e+02,-1.350410034179687500e+03,8.459869995117187500e+02,-8.330470275878906250e+01,-1.360160034179687500e+03,8.305549926757812500e+02
-2.468939971923828125e+02,-1.361930053710937500e+03,8.441370239257812500e+02,-8.221800231933593750e+01,-1.371949951171875000e+03,8.293690185546875000e+02
-2.457250061035156250e+02,-1.373540039062500000e+03,8.424240112304687500e+02,-8.099590301513671875e+01,-1.383869995117187500e+03,8.284819946289062500e+02
-2.444349975585937500e+02,-1.385239990234375000e+03,8.408820190429687500e+02,-7.964939880371093750e+01,-1.395900024414062500e+03,8.278870239257812500e+02
-2.430290069580078125e+02,-1.397000000000000000e+03,8.395479736328125000e+02,-7.818939971923828125e+01,-1.408010009765625000e+03,8.275850219726562500e+02
-2.415140075683593750e+02,-1.408800048828125000e+03,8.384569702148437500e+02,-7.662319946289062500e+01,-1.420180053710937500e+03,8.275869750976562500e+02
-2.398990020751953125e+02,-1.420609985351562500e+03,8.376409912109375000e+02,-7.496389770507812500e+01,-1.432359985351562500e+03,8.278939819335937500e+02
-2.381929931640625000e+02,-1.432390014648437500e+03,8.371170043945312500e+02,-7.322170257568359375e+01,-1.444510009765625000e+03,8.285029907226562500e+02
-2.364120025634765625e+02,-1.444119995117187500e+03,8.368969726562500000e+02,-7.141259765625000000e+01,-1.456599975585937500e+03,8.293950195312500000e+02
-2.345670013427734375e+02,-1.455760009765625000e+03,8.369749755859375000e+02,-6.954869842529296875e+01,-1.468579956054687500e+03,8.305520019531250000e+02
-2.326730041503906250e+02,-1.467270019531250000e+03,8.373369750976562500e+02,-6.764399719238281250e+01,-1.480420043945312500e+03,8.319470214843750000e+02
-2.307420043945312500e+02,-1.478640014648437500e+03,8.379509887695312500e+02,-6.570819854736328125e+01,-1.492099975585937500e+03,8.335479736328125000e+02
-2.287839965820312500e+02,-1.489810058593750000e+03,8.387780151367187500e+02,-6.375289535522460938e+01,-1.503579956054687500e+03,8.353200073242187500e+02
-2.268130035400390625e+02,-1.500790039062500000e+03,8.397739868164062500e+02,-6.179119873046875000e+01,-1.514849975585937500e+03,8.372280273437500000e+02
-2.248419952392578125e+02,-1.511540039062500000e+03,8.408939819335937500e+02,-5.983219909667968750e+01,-1.525880004882812500e+03,8.392340087890625000e+02
-2.228869934082031250e+02,-1.522069946289062500e+03,8.421040039062500000e+02,-5.789289855957031250e+01,-1.536670043945312500e+03,8.413070068359375000e+02
-2.209640045166015625e+02,-1.532400024414062500e+03,8.433759765625000000e+02,-5.598770141601562500e+01,-1.547219970703125000e+03,8.434180297851562500e+02
-2.190930023193359375e+02,-1.542540039062500000e+03,8.447020263671875000e+02,-5.413529968261718750e+01,-1.557530029296875000e+03,8.455410156250000000e+02
-2.172960052490234375e+02,-1.552520019531250000e+03,8.460819702148437500e+02,-5.235279846191406250e+01,-1.567619995117187500e+03,8.476589965820312500e+02
-2.155910034179687500e+02,-1.562400024414062500e+03,8.475300292968750000e+02,-5.065840148925781250e+01,-1.577530029296875000e+03,8.497570190429687500e+02
-2.139969940185546875e+02,-1.572189941406250000e+03,8.490590209960937500e+02,-4.906679916381835938e+01,-1.587260009765625000e+03,8.518189697265625000e+02
-2.125279998779296875e+02,-1.581949951171875000e+03,8.506840209960937500e+02,-4.759140014648437500e+01,-1.596859985351562500e+03,8.538389892578125000e+02
-2.111940002441406250e+02,-1.591689941406250000e+03,8.524089965820312500e+02,-4.623949813842773438e+01,-1.606349975585937500e+03,8.557999877929687500e+02
-2.099989929199218750e+02,-1.601439941406250000e+03,8.542290039062500000e+02,-4.501580047607421875e+01,-1.615760009765625000e+03,8.576979980468750000e+02
-2.089420013427734375e+02,-1.611219970703125000e+03,8.561290283203125000e+02,-4.392129898071289062e+01,-1.625119995117187500e+03,8.595200195312500000e+02
-2.080160064697265625e+02,-1.621020019531250000e+03,8.580819702148437500e+02,-4.295119857788085938e+01,-1.634439941406250000e+03,8.612550048828125000e+02
-2.072169952392578125e+02,-1.630849975585937500e+03,8.600529785156250000e+02,-4.210369873046875000e+01,-1.643739990234375000e+03,8.628920288085937500e+02
-2.065319976806640625e+02,-1.640699951171875000e+03,8.619990234375000000e+02,-4.136930084228515625e+01,-1.653030029296875000e+03,8.644190063476562500e+02
-2.059519958496093750e+02,-1.650569946289062500e+03,8.638750000000000000e+02,-4.074050140380859375e+01,-1.662319946289062500e+03,8.658220214843750000e+02
-2.054689941406250000e+02,-1.660430053710937500e+03,8.656400146484375000e+02,-4.021289825439453125e+01,-1.671609985351562500e+03,8.670880126953125000e+02
-2.050720062255859375e+02,-1.670270019531250000e+03,8.672440185546875000e+02,-3.977669906616210938e+01,-1.680910034179687500e+03,8.682030029296875000e+02
-2.047530059814453125e+02,-1.680079956054687500e+03,8.686539916992187500e+02,-3.942330169677734375e+01,-1.690199951171875000e+03,8.691569824218750000e+02
-2.045050048828125000e+02,-1.689839965820312500e+03,8.698319702148437500e+02,-3.914640045166015625e+01,-1.699500000000000000e+03,8.699370117187500000e+02
-2.043190002441406250e+02,-1.699540039062500000e+03,8.707529907226562500e+02,-3.893750000000000000e+01,-1.708790039062500000e+03,8.705380249023437500e+02
-2.041860046386718750e+02,-1.709180053710937500e+03,8.713950195312500000e+02,-3.878599929809570312e+01,-1.718089965820312500e+03,8.709539794921875000e+02
-2.040980072021484375e+02,-1.718770019531250000e+03,8.717479858398437500e+02,-3.868379974365234375e+01,-1.727400024414062500e+03,8.711879882812500000e+02
-2.040480041503906250e+02,-1.728290039062500000e+03,8.718070068359375000e+02,-3.862340164184570312e+01,-1.736709960937500000e+03,8.712399902343750000e+02
-2.040299987792968750e+02,-1.737770019531250000e+03,8.715780029296875000e+02,-3.859780120849609375e+01,-1.746050048828125000e+03,8.711170043945312500e+02
-2.040379943847656250e+02,-1.747209960937500000e+03,8.710700073242187500e+02,-3.860189819335937500e+01,-1.755430053710937500e+03,8.708229980468750000e+02
-2.040729980468750000e+02,-1.756640014648437500e+03,8.703040161132812500e+02,-3.863639831542968750e+01,-1.764849975585937500e+03,8.703699951171875000e+02
-2.041329956054687500e+02,-1.766069946289062500e+03,8.692949829101562500e+02,-3.869950103759765625e+01,-1.774329956054687500e+03,8.697609863281250000e+02
-2.042209930419921875e+02,-1.775520019531250000e+03,8.680689697265625000e+02,-3.879430007934570312e+01,-1.783880004882812500e+03,8.690079956054687500e+02
-2.043390045166015625e+02,-1.785010009765625000e+03,8.666400146484375000e+02,-3.892279815673828125e+01,-1.793500000000000000e+03,8.681160278320312500e+02
-2.044889984130859375e+02,-1.794560058593750000e+03,8.650260009765625000e+02,-3.908810043334960938e+01,-1.803219970703125000e+03,8.670919799804687500e+02
-2.046730041503906250e+02,-1.804180053710937500e+03,8.632340087890625000e+02,-3.929109954833984375e+01,-1.813030029296875000e+03,8.659400024414062500e+02
-2.048860015869140625e+02,-1.813890014648437500e+03,8.612620239257812500e+02,-3.952819824218750000e+01,-1.822939941406250000e+03,8.646649780273437500e+02
-2.051289978027343750e+02,-1.823709960937500000e+03,8.591140136718750000e+02,-3.979940032958984375e+01,-1.832959960937500000e+03,8.632700195312500000e+02
-2.053970031738281250e+02,-1.833650024414062500e+03,8.567919921875000000e+02,-4.009989929199218750e+01,-1.843069946289062500e+03,8.617609863281250000e+02
-2.056929931640625000e+02,-1.843689941406250000e+03,8.543140258789062500e+02,-4.043379974365234375e+01,-1.853290039062500000e+03,8.601409912109375000e+02
-2.060240020751953125e+02,-1.853839965820312500e+03,8.517199707031250000e+02,-4.080720138549804688e+01,-1.863589965820312500e+03,8.584219970703125000e+02
-2.064120025634765625e+02,-1.864089965820312500e+03,8.490720214843750000e+02,-4.123899841308593750e+01,-1.873979980468750000e+03,8.566129760742187500e+02
-2.068840026855468750e+02,-1.874430053710937500e+03,8.464500122070312500e+02,-4.175320053100585938e+01,-1.884430053710937500e+03,8.547299804687500000e+02
-2.074720001220703125e+02,-1.884859985351562500e+03,8.439439697265625000e+02,-4.237670135498046875e+01,-1.894949951171875000e+03,8.527880249023437500e+02
-2.082070007324218750e+02,-1.895359985351562500e+03,8.416290283203125000e+02,-4.313439941406250000e+01,-1.905530029296875000e+03,8.508079833984375000e+02
-2.091119995117187500e+02,-1.905939941406250000e+03,8.395720214843750000e+02,-4.404489898681640625e+01,-1.916150024414062500e+03,8.488099975585937500e+02
-2.101920013427734375e+02,-1.916599975585937500e+03,8.378049926757812500e+02,-4.511330032348632812e+01,-1.926819946289062500e+03,8.468159790039062500e+02
-2.114470062255859375e+02,-1.927339965820312500e+03,8.363419799804687500e+02,-4.633969879150390625e+01,-1.937520019531250000e+03,8.448510131835937500e+02
-2.128580017089843750e+02,-1.938160034179687500e+03,8.351779785156250000e+02,-4.770830154418945312e+01,-1.948260009765625000e+03,8.429470214843750000e+02
-2.144040069580078125e+02,-1.949079956054687500e+03,8.342979736328125000e+02,-4.920489883422851562e+01,-1.959030029296875000e+03,8.411380004882812500e+02
-2.160619964599609375e+02,-1.960079956054687500e+03,8.336900024414062500e+02,-5.081060028076171875e+01,-1.969839965820312500e+03,8.394630126953125000e+02
-2.178130035400390625e+02,-1.971170043945312500e+03,8.333460083007812500e+02,-5.251039886474609375e+01,-1.980680053710937500e+03,8.379639892578125000e+02
-2.196410064697265625e+02,-1.982339965820312500e+03,8.332709960937500000e+02,-5.429280090332031250e+01,-1.991560058593750000e+03,8.366829833984375000e+02
-2.215370025634765625e+02,-1.993550048828125000e+03,8.334669799804687500e+02,-5.615060043334960938e+01,-2.002459960937500000e+03,8.356550292968750000e+02
-2.234909973144531250e+02,-2.004800048828125000e+03,8.339390258789062500e+02,-5.807600021362304688e+01,-2.013390014648437500e+03,8.349080200195312500e+02
-2.254980010986328125e+02,-2.016050048828125000e+03,8.346810302734375000e+02,-6.006489944458007812e+01,-2.024319946289062500e+03,8.344530029296875000e+02
-2.275549926757812500e+02,-2.027280151367187500e+03,8.356849975585937500e+02,-6.211190032958984375e+01,-2.035239990234375000e+03,8.342890014648437500e+02
-2.296540069580078125e+02,-2.038439941406250000e+03,8.369240112304687500e+02,-6.421199798583984375e+01,-2.046140014648437500e+03,8.343969726562500000e+02
-2.317870025634765625e+02,-2.049510009765625000e+03,8.383690185546875000e+02,-6.635510253906250000e+01,-2.056989990234375000e+03,8.347500000000000000e+02
-2.339479980468750000e+02,-2.060469970703125000e+03,8.399869995117187500e+02,-6.853430175781250000e+01,-2.067770019531250000e+03,8.353120117187500000e+02
-2.361210021972656250e+02,-2.071290039062500000e+03,8.417360229492187500e+02,-7.073429870605468750e+01,-2.078469970703125000e+03,8.360460205078125000e+02
-2.382899932861328125e+02,-2.081959960937500000e+03,8.435809936523437500e+02,-7.293609619140625000e+01,-2.089070068359375000e+03,8.369219970703125000e+02
-2.404380035400390625e+02,-2.092479980468750000e+03,8.454879760742187500e+02,-7.512339782714843750e+01,-2.099580078125000000e+03,8.379210205078125000e+02
-2.425469970703125000e+02,-2.102820068359375000e+03,8.474249877929687500e+02,-7.727469635009765625e+01,-2.109989990234375000e+03,8.390269775390625000e+02
-2.445980072021484375e+02,-2.113010009765625000e+03,8.493660278320312500e+02,-7.937039947509765625e+01,-2.120310058593750000e+03,8.402390136718750000e+02
-2.465729980468750000e+02,-2.123030029296875000e+03,8.512890014648437500e+02,-8.138880157470703125e+01,-2.130530029296875000e+03,8.415590209960937500e+02
-2.484609985351562500e+02,-2.132899902343750000e+03,8.531790161132812500e+02,-8.331710052490234375e+01,-2.140679931640625000e+03,8.429920043945312500e+02
-2.502500152587890625e+02,-2.142620117187500000e+03,8.550180053710937500e+02,-8.514140319824218750e+01,-2.150750000000000000e+03,8.445369873046875000e+02
-2.519339904785156250e+02,-2.152229980468750000e+03,8.567979736328125000e+02,-8.685379791259765625e+01,-2.160760009765625000e+03,8.461939697265625000e+02
-2.535070190429687500e+02,-2.161719970703125000e+03,8.585089721679687500e+02,-8.844840240478515625e+01,-2.170709960937500000e+03,8.479509887695312500e+02
-2.549709930419921875e+02,-2.171120117187500000e+03,8.601439819335937500e+02,-8.992729949951171875e+01,-2.180610107421875000e+03,8.497890014648437500e+02
-2.563250122070312500e+02,-2.180439941406250000e+03,8.617000122070312500e+02,-9.129260253906250000e+01,-2.190469970703125000e+03,8.516820068359375000e+02
-2.575750122070312500e+02,-2.189709960937500000e+03,8.631690063476562500e+02,-9.255049896240234375e+01,-2.200290039062500000e+03,8.535980224609375000e+02
-2.587250061035156250e+02,-2.198949951171875000e+03,8.645430297851562500e+02,-9.370700073242187500e+01,-2.210080078125000000e+03,8.555000000000000000e+02
-2.597789916992187500e+02,-2.208159912109375000e+03,8.658170166015625000e+02,-9.476989746093750000e+01,-2.219850097656250000e+03,8.573510131835937500e+02
-2.607460021972656250e+02,-2.217350097656250000e+03,8.669819946289062500e+02,-9.574680328369140625e+01,-2.229590087890625000e+03,8.591119995117187500e+02
-2.616310119628906250e+02,-2.226550048828125000e+03,8.680310058593750000e+02,-9.664450073242187500e+01,-2.239310058593750000e+03,8.607479858398437500e+02
-2.624400024414062500e+02,-2.235739990234375000e+03,8.689539794921875000e+02,-9.746900177001953125e+01,-2.249010009765625000e+03,8.622249755859375000e+02
-2.631820068359375000e+02,-2.244949951171875000e+03,8.697440185546875000e+02,-9.822949981689453125e+01,-2.258679931640625000e+03,8.635120239257812500e+02
-2.638640136718750000e+02,-2.254179931640625000e+03,8.703950195312500000e+02,-9.893190002441406250e+01,-2.268330078125000000e+03,8.645859985351562500e+02
-2.644939880371093750e+02,-2.263419921875000000e+03,8.709010009765625000e+02,-9.958409881591796875e+01,-2.277959960937500000e+03,8.654229736328125000e+02
-2.650790100097656250e+02,-2.272679931640625000e+03,8.712600097656250000e+02,-1.001930007934570312e+02,-2.287560058593750000e+03,8.660109863281250000e+02
-2.656279907226562500e+02,-2.281959960937500000e+03,8.714710083007812500e+02,-1.007659988403320312e+02,-2.297149902343750000e+03,8.663369750976562500e+02
-2.661489868164062500e+02,-2.291280029296875000e+03,8.715339965820312500e+02,-1.013099975585937500e+02,-2.306719970703125000e+03,8.663980102539062500e+02
-2.666459960937500000e+02,-2.300629882812500000e+03,8.714520263671875000e+02,-1.018310012817382812e+02,-2.316280029296875000e+03,8.661950073242187500e+02
-2.671250000000000000e+02,-2.310020019531250000e+03,8.712280273437500000e+02,-1.023330001831054688e+02,-2.325840087890625000e+03,8.657329711914062500e+02
-2.675859985351562500e+02,-2.319459960937500000e+03,8.708649902343750000e+02,-1.028180007934570312e+02,-2.335389892578125000e+03,8.650209960937500000e+02
-2.680339965820312500e+02,-2.328949951171875000e+03,8.703679809570312500e+02,-1.032900009155273438e+02,-2.344959960937500000e+03,8.640659790039062500e+02
-2.684670104980468750e+02,-2.338489990234375000e+03,8.697410278320312500e+02,-1.037500000000000000e+02,-2.354550048828125000e+03,8.628809814453125000e+02
-2.688869934082031250e+02,-2.348090087890625000e+03,8.689890136718750000e+02,-1.041989974975585938e+02,-2.364159912109375000e+03,8.614769897460937500e+02
-2.692940063476562500e+02,-2.357750000000000000e+03,8.681170043945312500e+02,-1.046399993896484375e+02,-2.373800048828125000e+03,8.598599853515625000e+02
-2.696919860839843750e+02,-2.367469970703125000e+03,8.671279907226562500e+02,-1.050790023803710938e+02,-2.383489990234375000e+03,8.580380249023437500e+02
-2.700820007324218750e+02,-2.377250000000000000e+03,8.660289916992187500e+02,-1.055189971923828125e+02,-2.393229980468750000e+03,8.560219726562500000e+02
-2.704660034179687500e+02,-2.387090087890625000e+03,8.648239746093750000e+02,-1.059629974365234375e+02,-2.403040039062500000e+03,8.538200073242187500e+02
-2.708479919433593750e+02,-2.396989990234375000e+03,8.635230102539062500e+02,-1.064169998168945312e+02,-2.412909912109375000e+03,8.514569702148437500e+02
-2.712219848632812500e+02,-2.406949951171875000e+03,8.621320190429687500e+02,-1.068740005493164062e+02,-2.422860107421875000e+03,8.489669799804687500e+02
-2.715790100097656250e+02,-2.416959960937500000e+03,8.606669921875000000e+02,-1.073239974975585938e+02,-2.432889892578125000e+03,8.464080200195312500e+02
-2.719049987792968750e+02,-2.427030029296875000e+03,8.591400146484375000e+02,-1.077470016479492188e+02,-2.442989990234375000e+03,8.438439941406250000e+02
-2.721830139160156250e+02,-2.437169921875000000e+03,8.575700073242187500e+02,-1.081190032958984375e+02,-2.453199951171875000e+03,8.413530273437500000e+02
-2.723900146484375000e+02,-2.447370117187500000e+03,8.559730224609375000e+02,-1.084120025634765625e+02,-2.463500000000000000e+03,8.390079956054687500e+02
-2.725109863281250000e+02,-2.457649902343750000e+03,8.543690185546875000e+02,-1.086029968261718750e+02,-2.473909912109375000e+03,8.368690185546875000e+02
-2.725329895019531250e+02,-2.468010009765625000e+03,8.527739868164062500e+02,-1.086740036010742188e+02,-2.484449951171875000e+03,8.349790039062500000e+02
-2.724509887695312500e+02,-2.478459960937500000e+03,8.512059936523437500e+02,-1.086210021972656250e+02,-2.495129882812500000e+03,8.333569946289062500e+02
-2.722630004882812500e+02,-2.489010009765625000e+03,8.496820068359375000e+02,-1.084420013427734375e+02,-2.505939941406250000e+03,8.320029907226562500e+02
-2.719729919433593750e+02,-2.499659912109375000e+03,8.482199707031250000e+02,-1.081460037231445312e+02,-2.516909912109375000e+03,8.309089965820312500e+02
-2.715849914550781250e+02,-2.510419921875000000e+03,8.468410034179687500e+02,-1.077419967651367188e+02,-2.528040039062500000e+03,8.300599975585937500e+02
-2.710989990234375000e+02,-2.521270019531250000e+03,8.455659790039062500e+02,-1.072340011596679688e+02,-2.539300048828125000e+03,8.294489746093750000e+02
-2.705150146484375000e+02,-2.532219970703125000e+03,8.444210205078125000e+02,-1.066259994506835938e+02,-2.550699951171875000e+03,8.290780029296875000e+02
-2.698320007324218750e+02,-2.543239990234375000e+03,8.434329833984375000e+02,-1.059189987182617188e+02,-2.562199951171875000e+03,8.289530029296875000e+02
-2.690469970703125000e+02,-2.554330078125000000e+03,8.426259765625000000e+02,-1.051110000610351562e+02,-2.573780029296875000e+03,8.290809936523437500e+02
-2.681619873046875000e+02,-2.565469970703125000e+03,8.420239868164062500e+02,-1.042050018310546875e+02,-2.585399902343750000e+03,8.294639892578125000e+02
-2.671799926757812500e+02,-2.576620117187500000e+03,8.416400146484375000e+02,-1.032080001831054688e+02,-2.597030029296875000e+03,8.300900268554687500e+02
-2.661059875488281250e+02,-2.587770019531250000e+03,8.414829711914062500e+02,-1.021230010986328125e+02,-2.608629882812500000e+03,8.309479980468750000e+02
-2.649479980468750000e+02,-2.598879882812500000e+03,8.415460205078125000e+02,-1.009609985351562500e+02,-2.620179931640625000e+03,8.320079956054687500e+02
-2.637109985351562500e+02,-2.609929931640625000e+03,8.418159790039062500e+02,-9.972409820556640625e+01,-2.631639892578125000e+03,8.332470092773437500e+02
-2.624020080566406250e+02,-2.620879882812500000e+03,8.422680053710937500e+02,-9.842079925537109375e+01,-2.642989990234375000e+03,8.346380004882812500e+02
-2.610260009765625000e+02,-2.631709960937500000e+03,8.428699951171875000e+02,-9.705619812011718750e+01,-2.654189941406250000e+03,8.361500244140625000e+02
-2.595929870605468750e+02,-2.642379882812500000e+03,8.435850219726562500e+02,-9.563839721679687500e+01,-2.665219970703125000e+03,8.377550048828125000e+02
-2.581119995117187500e+02,-2.652879882812500000e+03,8.443759765625000000e+02,-9.417620086669921875e+01,-2.676060058593750000e+03,8.394260253906250000e+02
-2.565929870605468750e+02,-2.663159912109375000e+03,8.452119750976562500e+02,-9.268160247802734375e+01,-2.686679931640625000e+03,8.411380004882812500e+02
-2.550549774169921875e+02,-2.673239990234375000e+03,8.460709838867187500e+02,-9.117040252685546875e+01,-2.697080078125000000e+03,8.428690185546875000e+02
-2.535149993896484375e+02,-2.683100097656250000e+03,8.469400024414062500e+02,-8.965930175781250000e+01,-2.707239990234375000e+03,8.446060180664062500e+02
-2.519920196533203125e+02,-2.692739990234375000e+03,8.478209838867187500e+02,-8.816750335693359375e+01,-2.717149902343750000e+03,8.463270263671875000e+02
-2.505080108642578125e+02,-2.702179931640625000e+03,8.487280273437500000e+02,-8.671379852294921875e+01,-2.726830078125000000e+03,8.480280151367187500e+02
-2.490820007324218750e+02,-2.711419921875000000e+03,8.496790161132812500e+02,-8.531479644775390625e+01,-2.736260009765625000e+03,8.497000122070312500e+02
-2.477299957275390625e+02,-2.720479980468750000e+03,8.506970214843750000e+02,-8.398609924316406250e+01,-2.745459960937500000e+03,8.513400268554687500e+02
-2.464669952392578125e+02,-2.729350097656250000e+03,8.518029785156250000e+02,-8.273880004882812500e+01,-2.754419921875000000e+03,8.529409790039062500e+02
-2.453040008544921875e+02,-2.738040039062500000e+03,8.530130004882812500e+02,-8.158329772949218750e+01,-2.763139892578125000e+03,8.545029907226562500e+02
-2.442460021972656250e+02,-2.746570068359375000e+03,8.543419799804687500e+02,-8.052230072021484375e+01,-2.771639892578125000e+03,8.560230102539062500e+02
-2.432969970703125000e+02,-2.754909912109375000e+03,8.557910156250000000e+02,-7.956040191650390625e+01,-2.779889892578125000e+03,8.574959716796875000e+02
-2.424620056152343750e+02,-2.763070068359375000e+03,8.573640136718750000e+02,-7.870069885253906250e+01,-2.787899902343750000e+03,8.589210205078125000e+02
